model,MAE,RMSE,R2,train_time_s,inference_time_s,inference_time_per_sample_s,n_features,removed_low_variance_columns,params_json,search_strategy,selected_by,n_configs_evaluated,search_time_s
ExtraTrees,40.61118998818026,55.20440393706001,0.612621843440094,15.054856099995959,0.22424039999896195,1.8757038895772643e-05,25,,"{""max_depth"": 20, ""min_samples_leaf"": 3, ""n_estimators"": 400}",limited_random_search,RMSE_validation,12,173.06169879999652
RandomForest,41.61422915527972,55.95818708647757,0.6019707850933032,26.01812169999903,0.0888184000068577,7.429393559753885e-06,25,,"{""max_depth"": 10, ""min_samples_leaf"": 3, ""n_estimators"": 300}",limited_random_search,RMSE_validation,12,383.7944934000043
XGBoost,41.35948944091797,56.054606380603325,0.6005979776382446,1.2279675000027055,0.026953799999319017,2.2546047678225863e-06,25,,"{""colsample_bytree"": 0.9, ""learning_rate"": 0.03, ""max_depth"": 6, ""n_estimators"": 300, ""subsample"": 0.9}",limited_random_search,RMSE_validation,20,26.534577899998112
HistGradientBoosting,41.96933396335192,56.12516713127054,0.599591790962718,1.043190999997023,0.06330589999561198,5.295349225898116e-06,25,,"{""l2_regularization"": 0.1, ""learning_rate"": 0.03, ""max_depth"": 6, ""max_iter"": 200}",limited_random_search,RMSE_validation,20,22.12712779999856
LightGBM,41.56735307789837,56.32121816280962,0.5967895704426692,1.0645949999961886,0.06749549999949522,5.645796737724402e-06,25,,"{""learning_rate"": 0.03, ""min_child_samples"": 20, ""n_estimators"": 300, ""num_leaves"": 63}",limited_random_search,RMSE_validation,20,21.636170600002515
Ridge,47.09553081731672,58.872406552956754,0.5594337179253077,0.03537789999973029,0.0035645999960252084,2.981681301568556e-07,25,,"{""alpha"": 10.0}",limited_random_search,RMSE_validation,4,0.17377419999684207
