model,MAE,RMSE,R2,train_time_s,inference_time_s,inference_time_per_sample_s,n_features,removed_low_variance_columns,search_strategy,selected_by,n_configs_evaluated,search_time_s
LightGBM,26.816648037674373,37.69927794981991,0.5219273041860353,1.0933181000000332,0.0031949000040185638,1.2882661306526466e-05,25,,limited_random_search,RMSE_validation,20,21.636170600002515
ExtraTrees,27.218999118140314,37.73766223126585,0.5209532898355975,17.51822810000158,0.1041447999959928,0.0004199387096612613,25,,limited_random_search,RMSE_validation,12,173.06169879999652
HistGradientBoosting,28.624886534680243,38.57183322612654,0.4995410774296908,1.2172492000026978,0.005374100001063198,2.1669758068803218e-05,25,,limited_random_search,RMSE_validation,20,22.12712779999856
XGBoost,27.426362991333008,38.57489101471157,0.49946171045303345,1.2506431000001612,0.0033220999976038,1.3395564506466936e-05,25,,limited_random_search,RMSE_validation,20,26.534577899998112
RandomForest,28.829888250953083,39.0040462791928,0.4882625483755302,33.59110010000586,0.05721569999877829,0.00023070846773700924,25,,limited_random_search,RMSE_validation,12,383.7944934000043
Ridge,38.31543054500729,46.79123263917681,0.26352696863772485,0.04571530000248458,0.0018079000001307577,7.289919355365958e-06,25,,limited_random_search,RMSE_validation,4,0.17377419999684207
