model_short,approach,MAE,RMSE,R2,train_time_s,search_time_s,inference_time_s,inference_time_per_sample_s,n_features,is_pareto_optimal
LightGBM,Traditional baseline,26.816648037674373,37.69927794981991,0.5219273041860353,1.0933181000000332,21.636170600002515,0.0031949000040185,1.2882661306526466e-05,25,True
ExtraTrees,Traditional baseline,27.218999118140317,37.73766223126585,0.5209532898355975,17.51822810000158,173.06169879999652,0.1041447999959928,0.0004199387096612,25,False
H2O Stacked Ensemble,H2O AutoML,26.830737474973976,37.77721650054237,0.5199485496537339,3.256,4165.821960500005,0.2286782000010134,0.0009220895161331,25,False
HistGradientBoosting,Traditional baseline,28.624886534680243,38.57183322612654,0.4995410774296908,1.2172492000026978,22.12712779999856,0.0053741000010631,2.1669758068803215e-05,25,False
XGBoost,Traditional baseline,27.426362991333008,38.57489101471157,0.4994617104530334,1.2506431000001612,26.534577899998112,0.0033220999976038,1.3395564506466936e-05,25,False
RandomForest,Traditional baseline,28.829888250953083,39.0040462791928,0.4882625483755302,33.59110010000586,383.7944934000043,0.0572156999987782,0.000230708467737,25,False
Ridge,Traditional baseline,38.31543054500729,46.79123263917681,0.2635269686377248,0.0457153000024845,0.173774199996842,0.0018079000001307,7.289919355365958e-06,25,True
