model_short,approach,MAE,RMSE,R2,train_time_s,search_time_s,inference_time_s,inference_time_per_sample_s,n_features,is_pareto_optimal
LightGBM,Traditional baseline,26.82,37.7,0.522,1.093,21.636,0.003195,1.2882661306526466e-05,25,True
ExtraTrees,Traditional baseline,27.22,37.74,0.521,17.518,173.062,0.104145,0.0004199387096612,25,False
H2O Stacked Ensemble,H2O AutoML,26.83,37.78,0.52,3.256,4165.822,0.228678,0.0009220895161331,25,False
HistGradientBoosting,Traditional baseline,28.62,38.57,0.5,1.217,22.127,0.005374,2.1669758068803215e-05,25,False
XGBoost,Traditional baseline,27.43,38.57,0.499,1.251,26.535,0.003322,1.3395564506466936e-05,25,False
RandomForest,Traditional baseline,28.83,39.0,0.488,33.591,383.794,0.057216,0.000230708467737,25,False
Ridge,Traditional baseline,38.32,46.79,0.264,0.046,0.174,0.001808,7.289919355365958e-06,25,True
